{
  "answer_input_tokens_client": 700161,
  "answer_input_tokens_model": 5826214,
  "answer_output_speed": {
    "p50": 190.45547861382937,
    "p75": 202.78295965244683,
    "p90": 217.31753728930286,
    "p95": 228.51026927867778,
    "p99": 237.18162420555078
  },
  "answer_output_tokens_client": 73211,
  "answer_output_tokens_model": 547688,
  "answer_ttft": {
    "p50": 7.817324874486076,
    "p75": 10.916561520731193,
    "p90": 12.947678959005863,
    "p95": 14.632332506607053,
    "p99": 17.422504901076913
  },
  "average_normalized_score": 0.902,
  "average_score": 4.51,
  "by_category": {
    "chronology": {
      "average_normalized_score": 0.8875000000000001,
      "average_score": 4.4375,
      "pass_at_4": 1,
      "task_count": 16
    },
    "contradiction": {
      "average_normalized_score": 0.93,
      "average_score": 4.65,
      "pass_at_4": 1,
      "task_count": 20
    },
    "current_position": {
      "average_normalized_score": 0.9076923076923077,
      "average_score": 4.538461538461538,
      "pass_at_4": 1,
      "task_count": 13
    },
    "deadlines": {
      "average_normalized_score": 0.84,
      "average_score": 4.2,
      "pass_at_4": 0.8,
      "task_count": 10
    },
    "live_issues": {
      "average_normalized_score": 0.92,
      "average_score": 4.6,
      "pass_at_4": 1,
      "task_count": 10
    },
    "party_knowledge": {
      "average_normalized_score": 0.890909090909091,
      "average_score": 4.454545454545454,
      "pass_at_4": 1,
      "task_count": 11
    },
    "source_authority": {
      "average_normalized_score": 0.91,
      "average_score": 4.55,
      "pass_at_4": 1,
      "task_count": 20
    }
  },
  "by_domain": {
    "commercial_lease": {
      "average_normalized_score": 0.905,
      "average_score": 4.525,
      "pass_at_4": 0.975,
      "task_count": 40
    },
    "employment_dispute": {
      "average_normalized_score": 0.8866666666666667,
      "average_score": 4.433333333333334,
      "pass_at_4": 0.9666666666666667,
      "task_count": 30
    },
    "family_property_settlement": {
      "average_normalized_score": 0.9133333333333333,
      "average_score": 4.566666666666666,
      "pass_at_4": 1,
      "task_count": 30
    }
  },
  "cost_per_task": 0.06495571800000001,
  "grader_input_tokens_client": 128011,
  "grader_input_tokens_model": 129011,
  "grader_model": "openai/gpt-5.4",
  "grader_output_speed": {
    "p50": 89.83546017150195,
    "p75": 103.01475417935964,
    "p90": 115.82690826062561,
    "p95": 138.2033412040724,
    "p99": 230.958429246432
  },
  "grader_output_tokens_client": 11695,
  "grader_output_tokens_model": 12095,
  "grader_ttft": {
    "p50": 0.9135801045049448,
    "p75": 1.1961776045063743,
    "p90": 1.4694288833008624,
    "p95": 2.0247458898840702,
    "p99": 2.571380435264147
  },
  "model": "x-ai/grok-4.20-multi-agent",
  "pass_at_4": 0.98,
  "task_count": 100,
  "timestamp": "2026-06-23T23:09:19.934217",
  "total_cost": 6.4955718000000005,
  "valid_score_count": 100
}
